{
    "coef_x": [
        0.0301261460888152,
        -0.5024140146130534
    ],
    "intercept_x": 189.61912556597025,
    "coef_y": [
        -0.505946641559293,
        0.0289523269904209
    ],
    "intercept_y": 508.06783211157216,
    "z_fija": -0.19
}